[
	{"name":"person.ManuelParra",
	"size":3938,
	"projects":[
			"org.CERN.EP_NU.DUNE",
			"org.CERN.IdeaSquare",
			"org.CERN.EP_NU",
			"org.CERN"
	],
	"expertise":
		[	
			"programming.Python",
			"programming.JS"		
		]
	},
	{"name":"person.CharlotteQin",
	"size":3938,
	"projects":[
			"org.CERN",
			"org.CERN.IdeaSquare",
			"org.RCA"
	],
	"expertise":
		[	
			"degree.Design",
			"programming.JS"		
		]
	},
	{"name":"org.CERN.IdeaSquare",
	"size":3938,
	"projects":[
			"org.CERN"
	],
	"expertise":
		[
		]
	},
	{"name":"org.RCA",
	"size":3938,
	"projects":[
			"org.CERN"
	],
	"expertise":
		[
		]
	},
	{"name":"org.CERN",
	"size":3938,
	"projects":[
			"org.CERN.EP_NU.DUNE",
			"org.CERN.EP_NU"
	],
	"expertise":
		[
		]
	},
	{"name":"org.CERN.EP_NU",
	"size":3938,
	"projects":[
			"org.CERN",
			"org.CERN.EP_NU.DUNE"
	],
	"expertise":
		[
		]
	},	
	{"name":"org.CERN.EP_NU.DUNE",
	"size":3938,
	"projects":[
			"org.CERN",
			"org.CERN.EP_NU"
	],
	"expertise":
		[
		]
	},
	{"name":"programming.Python",
	"size":3938,
	"projects":[
	],
	"expertise":
		[
		]
	},
	{"name":"programming.JS",
	"size":3948,
	"projects":[
	],
	"expertise":
		[
		]
	},
	{"name":"degree.Design",
	"size":3938,
	"projects":[
	],
	"expertise":
		[
		]
	}
	
]